"","Week","searches","app"
"1","10/9/2016",69,"Tinder"
"2","10/16/2016",66,"Tinder"
"3","10/23/2016",64,"Tinder"
"4","10/30/2016",60,"Tinder"
"5","11/6/2016",55,"Tinder"
"6","11/13/2016",91,"Tinder"
"7","11/20/2016",66,"Tinder"
"8","11/27/2016",63,"Tinder"
"9","12/4/2016",59,"Tinder"
"10","12/11/2016",55,"Tinder"
"11","12/18/2016",56,"Tinder"
"12","12/25/2016",67,"Tinder"
"13","1/1/2017",67,"Tinder"
"14","1/8/2017",65,"Tinder"
"15","1/15/2017",60,"Tinder"
"16","1/22/2017",59,"Tinder"
"17","1/29/2017",61,"Tinder"
"18","2/5/2017",58,"Tinder"
"19","2/12/2017",64,"Tinder"
"20","2/19/2017",60,"Tinder"
"21","2/26/2017",60,"Tinder"
"22","3/5/2017",71,"Tinder"
"23","3/12/2017",63,"Tinder"
"24","3/19/2017",58,"Tinder"
"25","3/26/2017",67,"Tinder"
"26","4/2/2017",62,"Tinder"
"27","4/9/2017",56,"Tinder"
"28","4/16/2017",56,"Tinder"
"29","4/23/2017",55,"Tinder"
"30","4/30/2017",55,"Tinder"
"31","5/7/2017",51,"Tinder"
"32","5/14/2017",55,"Tinder"
"33","5/21/2017",60,"Tinder"
"34","5/28/2017",61,"Tinder"
"35","6/4/2017",58,"Tinder"
"36","6/11/2017",57,"Tinder"
"37","6/18/2017",59,"Tinder"
"38","6/25/2017",65,"Tinder"
"39","7/2/2017",64,"Tinder"
"40","7/9/2017",74,"Tinder"
"41","7/16/2017",69,"Tinder"
"42","7/23/2017",77,"Tinder"
"43","7/30/2017",70,"Tinder"
"44","8/6/2017",69,"Tinder"
"45","8/13/2017",68,"Tinder"
"46","8/20/2017",65,"Tinder"
"47","8/27/2017",67,"Tinder"
"48","9/3/2017",70,"Tinder"
"49","9/10/2017",63,"Tinder"
"50","9/17/2017",64,"Tinder"
"51","9/24/2017",64,"Tinder"
"52","10/1/2017",61,"Tinder"
"53","10/8/2017",64,"Tinder"
"54","10/15/2017",61,"Tinder"
"55","10/22/2017",69,"Tinder"
"56","10/29/2017",63,"Tinder"
"57","11/5/2017",67,"Tinder"
"58","11/12/2017",63,"Tinder"
"59","11/19/2017",66,"Tinder"
"60","11/26/2017",59,"Tinder"
"61","12/3/2017",67,"Tinder"
"62","12/10/2017",62,"Tinder"
"63","12/17/2017",66,"Tinder"
"64","12/24/2017",72,"Tinder"
"65","12/31/2017",71,"Tinder"
"66","1/7/2018",64,"Tinder"
"67","1/14/2018",65,"Tinder"
"68","1/21/2018",71,"Tinder"
"69","1/28/2018",71,"Tinder"
"70","2/4/2018",65,"Tinder"
"71","2/11/2018",72,"Tinder"
"72","2/18/2018",75,"Tinder"
"73","2/25/2018",67,"Tinder"
"74","3/4/2018",67,"Tinder"
"75","3/11/2018",67,"Tinder"
"76","3/18/2018",69,"Tinder"
"77","3/25/2018",73,"Tinder"
"78","4/1/2018",88,"Tinder"
"79","4/8/2018",80,"Tinder"
"80","4/15/2018",72,"Tinder"
"81","4/22/2018",75,"Tinder"
"82","4/29/2018",87,"Tinder"
"83","5/6/2018",76,"Tinder"
"84","5/13/2018",76,"Tinder"
"85","5/20/2018",77,"Tinder"
"86","5/27/2018",73,"Tinder"
"87","6/3/2018",73,"Tinder"
"88","6/10/2018",78,"Tinder"
"89","6/17/2018",74,"Tinder"
"90","6/24/2018",79,"Tinder"
"91","7/1/2018",82,"Tinder"
"92","7/8/2018",81,"Tinder"
"93","7/15/2018",79,"Tinder"
"94","7/22/2018",84,"Tinder"
"95","7/29/2018",87,"Tinder"
"96","8/5/2018",85,"Tinder"
"97","8/12/2018",83,"Tinder"
"98","8/19/2018",89,"Tinder"
"99","8/26/2018",80,"Tinder"
"100","9/2/2018",85,"Tinder"
"101","9/9/2018",79,"Tinder"
"102","9/16/2018",78,"Tinder"
"103","9/23/2018",77,"Tinder"
"104","9/30/2018",78,"Tinder"
"105","10/7/2018",70,"Tinder"
"106","10/14/2018",74,"Tinder"
"107","10/21/2018",72,"Tinder"
"108","10/28/2018",72,"Tinder"
"109","11/4/2018",71,"Tinder"
"110","11/11/2018",75,"Tinder"
"111","11/18/2018",74,"Tinder"
"112","11/25/2018",75,"Tinder"
"113","12/2/2018",73,"Tinder"
"114","12/9/2018",72,"Tinder"
"115","12/16/2018",76,"Tinder"
"116","12/23/2018",80,"Tinder"
"117","12/30/2018",87,"Tinder"
"118","1/6/2019",92,"Tinder"
"119","1/13/2019",73,"Tinder"
"120","1/20/2019",73,"Tinder"
"121","1/27/2019",73,"Tinder"
"122","2/3/2019",71,"Tinder"
"123","2/10/2019",75,"Tinder"
"124","2/17/2019",75,"Tinder"
"125","2/24/2019",68,"Tinder"
"126","3/3/2019",70,"Tinder"
"127","3/10/2019",68,"Tinder"
"128","3/17/2019",70,"Tinder"
"129","3/24/2019",76,"Tinder"
"130","3/31/2019",73,"Tinder"
"131","4/7/2019",71,"Tinder"
"132","4/14/2019",67,"Tinder"
"133","4/21/2019",75,"Tinder"
"134","4/28/2019",69,"Tinder"
"135","5/5/2019",73,"Tinder"
"136","5/12/2019",72,"Tinder"
"137","5/19/2019",73,"Tinder"
"138","5/26/2019",79,"Tinder"
"139","6/2/2019",80,"Tinder"
"140","6/9/2019",75,"Tinder"
"141","6/16/2019",79,"Tinder"
"142","6/23/2019",79,"Tinder"
"143","6/30/2019",79,"Tinder"
"144","7/7/2019",81,"Tinder"
"145","7/14/2019",83,"Tinder"
"146","7/21/2019",85,"Tinder"
"147","7/28/2019",88,"Tinder"
"148","8/4/2019",81,"Tinder"
"149","8/11/2019",82,"Tinder"
"150","8/18/2019",84,"Tinder"
"151","8/25/2019",79,"Tinder"
"152","9/1/2019",79,"Tinder"
"153","9/8/2019",76,"Tinder"
"154","9/15/2019",71,"Tinder"
"155","9/22/2019",75,"Tinder"
"156","9/29/2019",72,"Tinder"
"157","10/6/2019",78,"Tinder"
"158","10/13/2019",77,"Tinder"
"159","10/20/2019",80,"Tinder"
"160","10/27/2019",74,"Tinder"
"161","11/3/2019",82,"Tinder"
"162","11/10/2019",78,"Tinder"
"163","11/17/2019",75,"Tinder"
"164","11/24/2019",80,"Tinder"
"165","12/1/2019",75,"Tinder"
"166","12/8/2019",75,"Tinder"
"167","12/15/2019",77,"Tinder"
"168","12/22/2019",80,"Tinder"
"169","12/29/2019",87,"Tinder"
"170","1/5/2020",80,"Tinder"
"171","1/12/2020",79,"Tinder"
"172","1/19/2020",100,"Tinder"
"173","1/26/2020",93,"Tinder"
"174","2/2/2020",85,"Tinder"
"175","2/9/2020",82,"Tinder"
"176","2/16/2020",81,"Tinder"
"177","2/23/2020",81,"Tinder"
"178","3/1/2020",77,"Tinder"
"179","3/8/2020",71,"Tinder"
"180","3/15/2020",79,"Tinder"
"181","3/22/2020",77,"Tinder"
"182","3/29/2020",80,"Tinder"
"183","4/5/2020",83,"Tinder"
"184","4/12/2020",85,"Tinder"
"185","4/19/2020",77,"Tinder"
"186","4/26/2020",73,"Tinder"
"187","5/3/2020",72,"Tinder"
"188","5/10/2020",73,"Tinder"
"189","5/17/2020",77,"Tinder"
"190","5/24/2020",81,"Tinder"
"191","5/31/2020",73,"Tinder"
"192","6/7/2020",77,"Tinder"
"193","6/14/2020",80,"Tinder"
"194","6/21/2020",80,"Tinder"
"195","6/28/2020",90,"Tinder"
"196","7/5/2020",82,"Tinder"
"197","7/12/2020",83,"Tinder"
"198","7/19/2020",86,"Tinder"
"199","7/26/2020",85,"Tinder"
"200","8/2/2020",78,"Tinder"
"201","8/9/2020",78,"Tinder"
"202","8/16/2020",83,"Tinder"
"203","8/23/2020",84,"Tinder"
"204","8/30/2020",78,"Tinder"
"205","9/6/2020",82,"Tinder"
"206","9/13/2020",73,"Tinder"
"207","9/20/2020",78,"Tinder"
"208","9/27/2020",76,"Tinder"
"209","10/4/2020",80,"Tinder"
"210","10/11/2020",83,"Tinder"
"211","10/18/2020",82,"Tinder"
"212","10/25/2020",79,"Tinder"
"213","11/1/2020",62,"Tinder"
"214","11/8/2020",83,"Tinder"
"215","11/15/2020",81,"Tinder"
"216","11/22/2020",80,"Tinder"
"217","11/29/2020",79,"Tinder"
"218","12/6/2020",88,"Tinder"
"219","12/13/2020",78,"Tinder"
"220","12/20/2020",72,"Tinder"
"221","12/27/2020",72,"Tinder"
"222","1/3/2021",78,"Tinder"
"223","1/10/2021",71,"Tinder"
"224","1/17/2021",75,"Tinder"
"225","1/24/2021",71,"Tinder"
"226","1/31/2021",76,"Tinder"
"227","2/7/2021",74,"Tinder"
"228","2/14/2021",73,"Tinder"
"229","2/21/2021",75,"Tinder"
"230","2/28/2021",71,"Tinder"
"231","3/7/2021",70,"Tinder"
"232","3/14/2021",62,"Tinder"
"233","3/21/2021",66,"Tinder"
"234","3/28/2021",67,"Tinder"
"235","4/4/2021",68,"Tinder"
"236","4/11/2021",67,"Tinder"
"237","4/18/2021",69,"Tinder"
"238","4/25/2021",64,"Tinder"
"239","5/2/2021",67,"Tinder"
"240","5/9/2021",72,"Tinder"
"241","5/16/2021",64,"Tinder"
"242","5/23/2021",71,"Tinder"
"243","5/30/2021",77,"Tinder"
"244","6/6/2021",77,"Tinder"
"245","6/13/2021",77,"Tinder"
"246","6/20/2021",76,"Tinder"
"247","6/27/2021",73,"Tinder"
"248","7/4/2021",73,"Tinder"
"249","7/11/2021",71,"Tinder"
"250","7/18/2021",72,"Tinder"
"251","7/25/2021",70,"Tinder"
"252","8/1/2021",73,"Tinder"
"253","8/8/2021",72,"Tinder"
"254","8/15/2021",70,"Tinder"
"255","8/22/2021",71,"Tinder"
"256","8/29/2021",72,"Tinder"
"257","9/5/2021",76,"Tinder"
"258","9/12/2021",73,"Tinder"
"259","9/19/2021",69,"Tinder"
"260","9/26/2021",77,"Tinder"
"261","10/9/2016",26,"Bumble"
"262","10/16/2016",28,"Bumble"
"263","10/23/2016",32,"Bumble"
"264","10/30/2016",27,"Bumble"
"265","11/6/2016",19,"Bumble"
"266","11/13/2016",21,"Bumble"
"267","11/20/2016",18,"Bumble"
"268","11/27/2016",21,"Bumble"
"269","12/4/2016",24,"Bumble"
"270","12/11/2016",22,"Bumble"
"271","12/18/2016",21,"Bumble"
"272","12/25/2016",23,"Bumble"
"273","1/1/2017",24,"Bumble"
"274","1/8/2017",27,"Bumble"
"275","1/15/2017",23,"Bumble"
"276","1/22/2017",23,"Bumble"
"277","1/29/2017",20,"Bumble"
"278","2/5/2017",24,"Bumble"
"279","2/12/2017",21,"Bumble"
"280","2/19/2017",25,"Bumble"
"281","2/26/2017",25,"Bumble"
"282","3/5/2017",24,"Bumble"
"283","3/12/2017",27,"Bumble"
"284","3/19/2017",31,"Bumble"
"285","3/26/2017",27,"Bumble"
"286","4/2/2017",26,"Bumble"
"287","4/9/2017",30,"Bumble"
"288","4/16/2017",32,"Bumble"
"289","4/23/2017",30,"Bumble"
"290","4/30/2017",30,"Bumble"
"291","5/7/2017",27,"Bumble"
"292","5/14/2017",30,"Bumble"
"293","5/21/2017",25,"Bumble"
"294","5/28/2017",30,"Bumble"
"295","6/4/2017",29,"Bumble"
"296","6/11/2017",30,"Bumble"
"297","6/18/2017",31,"Bumble"
"298","6/25/2017",29,"Bumble"
"299","7/2/2017",32,"Bumble"
"300","7/9/2017",30,"Bumble"
"301","7/16/2017",31,"Bumble"
"302","7/23/2017",28,"Bumble"
"303","7/30/2017",30,"Bumble"
"304","8/6/2017",27,"Bumble"
"305","8/13/2017",30,"Bumble"
"306","8/20/2017",28,"Bumble"
"307","8/27/2017",26,"Bumble"
"308","9/3/2017",29,"Bumble"
"309","9/10/2017",26,"Bumble"
"310","9/17/2017",29,"Bumble"
"311","9/24/2017",27,"Bumble"
"312","10/1/2017",27,"Bumble"
"313","10/8/2017",27,"Bumble"
"314","10/15/2017",29,"Bumble"
"315","10/22/2017",30,"Bumble"
"316","10/29/2017",30,"Bumble"
"317","11/5/2017",25,"Bumble"
"318","11/12/2017",24,"Bumble"
"319","11/19/2017",23,"Bumble"
"320","11/26/2017",28,"Bumble"
"321","12/3/2017",26,"Bumble"
"322","12/10/2017",26,"Bumble"
"323","12/17/2017",25,"Bumble"
"324","12/24/2017",25,"Bumble"
"325","12/31/2017",28,"Bumble"
"326","1/7/2018",27,"Bumble"
"327","1/14/2018",23,"Bumble"
"328","1/21/2018",25,"Bumble"
"329","1/28/2018",25,"Bumble"
"330","2/4/2018",23,"Bumble"
"331","2/11/2018",26,"Bumble"
"332","2/18/2018",26,"Bumble"
"333","2/25/2018",24,"Bumble"
"334","3/4/2018",27,"Bumble"
"335","3/11/2018",27,"Bumble"
"336","3/18/2018",28,"Bumble"
"337","3/25/2018",32,"Bumble"
"338","4/1/2018",27,"Bumble"
"339","4/8/2018",29,"Bumble"
"340","4/15/2018",30,"Bumble"
"341","4/22/2018",30,"Bumble"
"342","4/29/2018",47,"Bumble"
"343","5/6/2018",38,"Bumble"
"344","5/13/2018",37,"Bumble"
"345","5/20/2018",33,"Bumble"
"346","5/27/2018",36,"Bumble"
"347","6/3/2018",32,"Bumble"
"348","6/10/2018",32,"Bumble"
"349","6/17/2018",33,"Bumble"
"350","6/24/2018",38,"Bumble"
"351","7/1/2018",37,"Bumble"
"352","7/8/2018",33,"Bumble"
"353","7/15/2018",34,"Bumble"
"354","7/22/2018",35,"Bumble"
"355","7/29/2018",35,"Bumble"
"356","8/5/2018",36,"Bumble"
"357","8/12/2018",33,"Bumble"
"358","8/19/2018",31,"Bumble"
"359","8/26/2018",30,"Bumble"
"360","9/2/2018",34,"Bumble"
"361","9/9/2018",30,"Bumble"
"362","9/16/2018",31,"Bumble"
"363","9/23/2018",29,"Bumble"
"364","9/30/2018",32,"Bumble"
"365","10/7/2018",33,"Bumble"
"366","10/14/2018",30,"Bumble"
"367","10/21/2018",29,"Bumble"
"368","10/28/2018",32,"Bumble"
"369","11/4/2018",26,"Bumble"
"370","11/11/2018",27,"Bumble"
"371","11/18/2018",30,"Bumble"
"372","11/25/2018",31,"Bumble"
"373","12/2/2018",29,"Bumble"
"374","12/9/2018",28,"Bumble"
"375","12/16/2018",35,"Bumble"
"376","12/23/2018",42,"Bumble"
"377","12/30/2018",39,"Bumble"
"378","1/6/2019",34,"Bumble"
"379","1/13/2019",31,"Bumble"
"380","1/20/2019",28,"Bumble"
"381","1/27/2019",34,"Bumble"
"382","2/3/2019",41,"Bumble"
"383","2/10/2019",33,"Bumble"
"384","2/17/2019",31,"Bumble"
"385","2/24/2019",27,"Bumble"
"386","3/3/2019",28,"Bumble"
"387","3/10/2019",28,"Bumble"
"388","3/17/2019",31,"Bumble"
"389","3/24/2019",29,"Bumble"
"390","3/31/2019",30,"Bumble"
"391","4/7/2019",33,"Bumble"
"392","4/14/2019",33,"Bumble"
"393","4/21/2019",38,"Bumble"
"394","4/28/2019",34,"Bumble"
"395","5/5/2019",31,"Bumble"
"396","5/12/2019",29,"Bumble"
"397","5/19/2019",31,"Bumble"
"398","5/26/2019",32,"Bumble"
"399","6/2/2019",32,"Bumble"
"400","6/9/2019",31,"Bumble"
"401","6/16/2019",33,"Bumble"
"402","6/23/2019",32,"Bumble"
"403","6/30/2019",32,"Bumble"
"404","7/7/2019",34,"Bumble"
"405","7/14/2019",31,"Bumble"
"406","7/21/2019",30,"Bumble"
"407","7/28/2019",30,"Bumble"
"408","8/4/2019",29,"Bumble"
"409","8/11/2019",31,"Bumble"
"410","8/18/2019",32,"Bumble"
"411","8/25/2019",32,"Bumble"
"412","9/1/2019",33,"Bumble"
"413","9/8/2019",30,"Bumble"
"414","9/15/2019",29,"Bumble"
"415","9/22/2019",30,"Bumble"
"416","9/29/2019",25,"Bumble"
"417","10/6/2019",28,"Bumble"
"418","10/13/2019",29,"Bumble"
"419","10/20/2019",27,"Bumble"
"420","10/27/2019",27,"Bumble"
"421","11/3/2019",24,"Bumble"
"422","11/10/2019",26,"Bumble"
"423","11/17/2019",29,"Bumble"
"424","11/24/2019",24,"Bumble"
"425","12/1/2019",26,"Bumble"
"426","12/8/2019",27,"Bumble"
"427","12/15/2019",25,"Bumble"
"428","12/22/2019",28,"Bumble"
"429","12/29/2019",41,"Bumble"
"430","1/5/2020",27,"Bumble"
"431","1/12/2020",27,"Bumble"
"432","1/19/2020",27,"Bumble"
"433","1/26/2020",26,"Bumble"
"434","2/2/2020",24,"Bumble"
"435","2/9/2020",28,"Bumble"
"436","2/16/2020",26,"Bumble"
"437","2/23/2020",26,"Bumble"
"438","3/1/2020",28,"Bumble"
"439","3/8/2020",24,"Bumble"
"440","3/15/2020",23,"Bumble"
"441","3/22/2020",29,"Bumble"
"442","3/29/2020",28,"Bumble"
"443","4/5/2020",30,"Bumble"
"444","4/12/2020",25,"Bumble"
"445","4/19/2020",28,"Bumble"
"446","4/26/2020",33,"Bumble"
"447","5/3/2020",32,"Bumble"
"448","5/10/2020",31,"Bumble"
"449","5/17/2020",34,"Bumble"
"450","5/24/2020",37,"Bumble"
"451","5/31/2020",31,"Bumble"
"452","6/7/2020",28,"Bumble"
"453","6/14/2020",29,"Bumble"
"454","6/21/2020",32,"Bumble"
"455","6/28/2020",29,"Bumble"
"456","7/5/2020",31,"Bumble"
"457","7/12/2020",31,"Bumble"
"458","7/19/2020",30,"Bumble"
"459","7/26/2020",29,"Bumble"
"460","8/2/2020",32,"Bumble"
"461","8/9/2020",28,"Bumble"
"462","8/16/2020",32,"Bumble"
"463","8/23/2020",27,"Bumble"
"464","8/30/2020",29,"Bumble"
"465","9/6/2020",27,"Bumble"
"466","9/13/2020",26,"Bumble"
"467","9/20/2020",24,"Bumble"
"468","9/27/2020",28,"Bumble"
"469","10/4/2020",28,"Bumble"
"470","10/11/2020",26,"Bumble"
"471","10/18/2020",28,"Bumble"
"472","10/25/2020",29,"Bumble"
"473","11/1/2020",19,"Bumble"
"474","11/8/2020",26,"Bumble"
"475","11/15/2020",22,"Bumble"
"476","11/22/2020",22,"Bumble"
"477","11/29/2020",26,"Bumble"
"478","12/6/2020",21,"Bumble"
"479","12/13/2020",25,"Bumble"
"480","12/20/2020",26,"Bumble"
"481","12/27/2020",26,"Bumble"
"482","1/3/2021",23,"Bumble"
"483","1/10/2021",24,"Bumble"
"484","1/17/2021",30,"Bumble"
"485","1/24/2021",26,"Bumble"
"486","1/31/2021",31,"Bumble"
"487","2/7/2021",86,"Bumble"
"488","2/14/2021",43,"Bumble"
"489","2/21/2021",33,"Bumble"
"490","2/28/2021",28,"Bumble"
"491","3/7/2021",31,"Bumble"
"492","3/14/2021",27,"Bumble"
"493","3/21/2021",31,"Bumble"
"494","3/28/2021",30,"Bumble"
"495","4/4/2021",32,"Bumble"
"496","4/11/2021",31,"Bumble"
"497","4/18/2021",35,"Bumble"
"498","4/25/2021",31,"Bumble"
"499","5/2/2021",31,"Bumble"
"500","5/9/2021",33,"Bumble"
"501","5/16/2021",35,"Bumble"
"502","5/23/2021",30,"Bumble"
"503","5/30/2021",30,"Bumble"
"504","6/6/2021",30,"Bumble"
"505","6/13/2021",31,"Bumble"
"506","6/20/2021",30,"Bumble"
"507","6/27/2021",33,"Bumble"
"508","7/4/2021",32,"Bumble"
"509","7/11/2021",29,"Bumble"
"510","7/18/2021",35,"Bumble"
"511","7/25/2021",32,"Bumble"
"512","8/1/2021",33,"Bumble"
"513","8/8/2021",33,"Bumble"
"514","8/15/2021",28,"Bumble"
"515","8/22/2021",31,"Bumble"
"516","8/29/2021",31,"Bumble"
"517","9/5/2021",31,"Bumble"
"518","9/12/2021",28,"Bumble"
"519","9/19/2021",28,"Bumble"
"520","9/26/2021",30,"Bumble"
"521","10/9/2016",43,"okcupid"
"522","10/16/2016",44,"okcupid"
"523","10/23/2016",44,"okcupid"
"524","10/30/2016",43,"okcupid"
"525","11/6/2016",40,"okcupid"
"526","11/13/2016",45,"okcupid"
"527","11/20/2016",44,"okcupid"
"528","11/27/2016",44,"okcupid"
"529","12/4/2016",42,"okcupid"
"530","12/11/2016",39,"okcupid"
"531","12/18/2016",41,"okcupid"
"532","12/25/2016",43,"okcupid"
"533","1/1/2017",44,"okcupid"
"534","1/8/2017",41,"okcupid"
"535","1/15/2017",39,"okcupid"
"536","1/22/2017",35,"okcupid"
"537","1/29/2017",37,"okcupid"
"538","2/5/2017",38,"okcupid"
"539","2/12/2017",43,"okcupid"
"540","2/19/2017",40,"okcupid"
"541","2/26/2017",36,"okcupid"
"542","3/5/2017",36,"okcupid"
"543","3/12/2017",39,"okcupid"
"544","3/19/2017",36,"okcupid"
"545","3/26/2017",37,"okcupid"
"546","4/2/2017",36,"okcupid"
"547","4/9/2017",40,"okcupid"
"548","4/16/2017",38,"okcupid"
"549","4/23/2017",35,"okcupid"
"550","4/30/2017",35,"okcupid"
"551","5/7/2017",39,"okcupid"
"552","5/14/2017",35,"okcupid"
"553","5/21/2017",38,"okcupid"
"554","5/28/2017",36,"okcupid"
"555","6/4/2017",37,"okcupid"
"556","6/11/2017",33,"okcupid"
"557","6/18/2017",38,"okcupid"
"558","6/25/2017",35,"okcupid"
"559","7/2/2017",35,"okcupid"
"560","7/9/2017",38,"okcupid"
"561","7/16/2017",35,"okcupid"
"562","7/23/2017",36,"okcupid"
"563","7/30/2017",37,"okcupid"
"564","8/6/2017",35,"okcupid"
"565","8/13/2017",32,"okcupid"
"566","8/20/2017",30,"okcupid"
"567","8/27/2017",30,"okcupid"
"568","9/3/2017",29,"okcupid"
"569","9/10/2017",31,"okcupid"
"570","9/17/2017",29,"okcupid"
"571","9/24/2017",30,"okcupid"
"572","10/1/2017",27,"okcupid"
"573","10/8/2017",31,"okcupid"
"574","10/15/2017",28,"okcupid"
"575","10/22/2017",29,"okcupid"
"576","10/29/2017",28,"okcupid"
"577","11/5/2017",27,"okcupid"
"578","11/12/2017",26,"okcupid"
"579","11/19/2017",25,"okcupid"
"580","11/26/2017",26,"okcupid"
"581","12/3/2017",26,"okcupid"
"582","12/10/2017",27,"okcupid"
"583","12/17/2017",27,"okcupid"
"584","12/24/2017",29,"okcupid"
"585","12/31/2017",32,"okcupid"
"586","1/7/2018",27,"okcupid"
"587","1/14/2018",23,"okcupid"
"588","1/21/2018",22,"okcupid"
"589","1/28/2018",23,"okcupid"
"590","2/4/2018",20,"okcupid"
"591","2/11/2018",20,"okcupid"
"592","2/18/2018",21,"okcupid"
"593","2/25/2018",20,"okcupid"
"594","3/4/2018",20,"okcupid"
"595","3/11/2018",21,"okcupid"
"596","3/18/2018",21,"okcupid"
"597","3/25/2018",22,"okcupid"
"598","4/1/2018",21,"okcupid"
"599","4/8/2018",21,"okcupid"
"600","4/15/2018",20,"okcupid"
"601","4/22/2018",21,"okcupid"
"602","4/29/2018",20,"okcupid"
"603","5/6/2018",21,"okcupid"
"604","5/13/2018",21,"okcupid"
"605","5/20/2018",22,"okcupid"
"606","5/27/2018",20,"okcupid"
"607","6/3/2018",21,"okcupid"
"608","6/10/2018",21,"okcupid"
"609","6/17/2018",24,"okcupid"
"610","6/24/2018",24,"okcupid"
"611","7/1/2018",24,"okcupid"
"612","7/8/2018",25,"okcupid"
"613","7/15/2018",20,"okcupid"
"614","7/22/2018",23,"okcupid"
"615","7/29/2018",24,"okcupid"
"616","8/5/2018",23,"okcupid"
"617","8/12/2018",26,"okcupid"
"618","8/19/2018",23,"okcupid"
"619","8/26/2018",22,"okcupid"
"620","9/2/2018",22,"okcupid"
"621","9/9/2018",20,"okcupid"
"622","9/16/2018",21,"okcupid"
"623","9/23/2018",21,"okcupid"
"624","9/30/2018",20,"okcupid"
"625","10/7/2018",21,"okcupid"
"626","10/14/2018",19,"okcupid"
"627","10/21/2018",21,"okcupid"
"628","10/28/2018",19,"okcupid"
"629","11/4/2018",21,"okcupid"
"630","11/11/2018",21,"okcupid"
"631","11/18/2018",23,"okcupid"
"632","11/25/2018",21,"okcupid"
"633","12/2/2018",19,"okcupid"
"634","12/9/2018",19,"okcupid"
"635","12/16/2018",20,"okcupid"
"636","12/23/2018",19,"okcupid"
"637","12/30/2018",23,"okcupid"
"638","1/6/2019",19,"okcupid"
"639","1/13/2019",19,"okcupid"
"640","1/20/2019",17,"okcupid"
"641","1/27/2019",18,"okcupid"
"642","2/3/2019",19,"okcupid"
"643","2/10/2019",21,"okcupid"
"644","2/17/2019",20,"okcupid"
"645","2/24/2019",19,"okcupid"
"646","3/3/2019",21,"okcupid"
"647","3/10/2019",20,"okcupid"
"648","3/17/2019",19,"okcupid"
"649","3/24/2019",20,"okcupid"
"650","3/31/2019",18,"okcupid"
"651","4/7/2019",18,"okcupid"
"652","4/14/2019",21,"okcupid"
"653","4/21/2019",18,"okcupid"
"654","4/28/2019",19,"okcupid"
"655","5/5/2019",18,"okcupid"
"656","5/12/2019",18,"okcupid"
"657","5/19/2019",19,"okcupid"
"658","5/26/2019",22,"okcupid"
"659","6/2/2019",21,"okcupid"
"660","6/9/2019",21,"okcupid"
"661","6/16/2019",23,"okcupid"
"662","6/23/2019",22,"okcupid"
"663","6/30/2019",22,"okcupid"
"664","7/7/2019",21,"okcupid"
"665","7/14/2019",20,"okcupid"
"666","7/21/2019",21,"okcupid"
"667","7/28/2019",21,"okcupid"
"668","8/4/2019",22,"okcupid"
"669","8/11/2019",20,"okcupid"
"670","8/18/2019",20,"okcupid"
"671","8/25/2019",18,"okcupid"
"672","9/1/2019",18,"okcupid"
"673","9/8/2019",18,"okcupid"
"674","9/15/2019",15,"okcupid"
"675","9/22/2019",15,"okcupid"
"676","9/29/2019",17,"okcupid"
"677","10/6/2019",15,"okcupid"
"678","10/13/2019",16,"okcupid"
"679","10/20/2019",19,"okcupid"
"680","10/27/2019",17,"okcupid"
"681","11/3/2019",17,"okcupid"
"682","11/10/2019",17,"okcupid"
"683","11/17/2019",18,"okcupid"
"684","11/24/2019",17,"okcupid"
"685","12/1/2019",16,"okcupid"
"686","12/8/2019",16,"okcupid"
"687","12/15/2019",15,"okcupid"
"688","12/22/2019",19,"okcupid"
"689","12/29/2019",20,"okcupid"
"690","1/5/2020",17,"okcupid"
"691","1/12/2020",20,"okcupid"
"692","1/19/2020",18,"okcupid"
"693","1/26/2020",15,"okcupid"
"694","2/2/2020",15,"okcupid"
"695","2/9/2020",17,"okcupid"
"696","2/16/2020",17,"okcupid"
"697","2/23/2020",14,"okcupid"
"698","3/1/2020",14,"okcupid"
"699","3/8/2020",15,"okcupid"
"700","3/15/2020",12,"okcupid"
"701","3/22/2020",13,"okcupid"
"702","3/29/2020",13,"okcupid"
"703","4/5/2020",13,"okcupid"
"704","4/12/2020",13,"okcupid"
"705","4/19/2020",12,"okcupid"
"706","4/26/2020",13,"okcupid"
"707","5/3/2020",13,"okcupid"
"708","5/10/2020",13,"okcupid"
"709","5/17/2020",12,"okcupid"
"710","5/24/2020",13,"okcupid"
"711","5/31/2020",12,"okcupid"
"712","6/7/2020",14,"okcupid"
"713","6/14/2020",14,"okcupid"
"714","6/21/2020",13,"okcupid"
"715","6/28/2020",13,"okcupid"
"716","7/5/2020",12,"okcupid"
"717","7/12/2020",14,"okcupid"
"718","7/19/2020",12,"okcupid"
"719","7/26/2020",11,"okcupid"
"720","8/2/2020",13,"okcupid"
"721","8/9/2020",11,"okcupid"
"722","8/16/2020",14,"okcupid"
"723","8/23/2020",12,"okcupid"
"724","8/30/2020",10,"okcupid"
"725","9/6/2020",10,"okcupid"
"726","9/13/2020",10,"okcupid"
"727","9/20/2020",8,"okcupid"
"728","9/27/2020",9,"okcupid"
"729","10/4/2020",11,"okcupid"
"730","10/11/2020",11,"okcupid"
"731","10/18/2020",10,"okcupid"
"732","10/25/2020",10,"okcupid"
"733","11/1/2020",8,"okcupid"
"734","11/8/2020",11,"okcupid"
"735","11/15/2020",10,"okcupid"
"736","11/22/2020",9,"okcupid"
"737","11/29/2020",11,"okcupid"
"738","12/6/2020",9,"okcupid"
"739","12/13/2020",10,"okcupid"
"740","12/20/2020",10,"okcupid"
"741","12/27/2020",10,"okcupid"
"742","1/3/2021",9,"okcupid"
"743","1/10/2021",8,"okcupid"
"744","1/17/2021",10,"okcupid"
"745","1/24/2021",9,"okcupid"
"746","1/31/2021",10,"okcupid"
"747","2/7/2021",9,"okcupid"
"748","2/14/2021",9,"okcupid"
"749","2/21/2021",9,"okcupid"
"750","2/28/2021",8,"okcupid"
"751","3/7/2021",8,"okcupid"
"752","3/14/2021",8,"okcupid"
"753","3/21/2021",10,"okcupid"
"754","3/28/2021",8,"okcupid"
"755","4/4/2021",7,"okcupid"
"756","4/11/2021",9,"okcupid"
"757","4/18/2021",8,"okcupid"
"758","4/25/2021",8,"okcupid"
"759","5/2/2021",8,"okcupid"
"760","5/9/2021",8,"okcupid"
"761","5/16/2021",9,"okcupid"
"762","5/23/2021",9,"okcupid"
"763","5/30/2021",9,"okcupid"
"764","6/6/2021",8,"okcupid"
"765","6/13/2021",9,"okcupid"
"766","6/20/2021",7,"okcupid"
"767","6/27/2021",8,"okcupid"
"768","7/4/2021",8,"okcupid"
"769","7/11/2021",8,"okcupid"
"770","7/18/2021",8,"okcupid"
"771","7/25/2021",8,"okcupid"
"772","8/1/2021",8,"okcupid"
"773","8/8/2021",8,"okcupid"
"774","8/15/2021",8,"okcupid"
"775","8/22/2021",7,"okcupid"
"776","8/29/2021",7,"okcupid"
"777","9/5/2021",8,"okcupid"
"778","9/12/2021",8,"okcupid"
"779","9/19/2021",9,"okcupid"
"780","9/26/2021",8,"okcupid"
"781","10/9/2016",1,"cmb"
"782","10/16/2016",3,"cmb"
"783","10/23/2016",2,"cmb"
"784","10/30/2016",1,"cmb"
"785","11/6/2016",1,"cmb"
"786","11/13/2016",1,"cmb"
"787","11/20/2016",1,"cmb"
"788","11/27/2016",2,"cmb"
"789","12/4/2016",2,"cmb"
"790","12/11/2016",1,"cmb"
"791","12/18/2016",2,"cmb"
"792","12/25/2016",4,"cmb"
"793","1/1/2017",3,"cmb"
"794","1/8/2017",2,"cmb"
"795","1/15/2017",2,"cmb"
"796","1/22/2017",1,"cmb"
"797","1/29/2017",6,"cmb"
"798","2/5/2017",3,"cmb"
"799","2/12/2017",3,"cmb"
"800","2/19/2017",3,"cmb"
"801","2/26/2017",4,"cmb"
"802","3/5/2017",3,"cmb"
"803","3/12/2017",2,"cmb"
"804","3/19/2017",4,"cmb"
"805","3/26/2017",2,"cmb"
"806","4/2/2017",3,"cmb"
"807","4/9/2017",2,"cmb"
"808","4/16/2017",2,"cmb"
"809","4/23/2017",3,"cmb"
"810","4/30/2017",3,"cmb"
"811","5/7/2017",2,"cmb"
"812","5/14/2017",2,"cmb"
"813","5/21/2017",3,"cmb"
"814","5/28/2017",5,"cmb"
"815","6/4/2017",2,"cmb"
"816","6/11/2017",2,"cmb"
"817","6/18/2017",2,"cmb"
"818","6/25/2017",2,"cmb"
"819","7/2/2017",5,"cmb"
"820","7/9/2017",2,"cmb"
"821","7/16/2017",3,"cmb"
"822","7/23/2017",3,"cmb"
"823","7/30/2017",2,"cmb"
"824","8/6/2017",6,"cmb"
"825","8/13/2017",3,"cmb"
"826","8/20/2017",2,"cmb"
"827","8/27/2017",3,"cmb"
"828","9/3/2017",4,"cmb"
"829","9/10/2017",2,"cmb"
"830","9/17/2017",2,"cmb"
"831","9/24/2017",2,"cmb"
"832","10/1/2017",3,"cmb"
"833","10/8/2017",4,"cmb"
"834","10/15/2017",1,"cmb"
"835","10/22/2017",1,"cmb"
"836","10/29/2017",3,"cmb"
"837","11/5/2017",1,"cmb"
"838","11/12/2017",2,"cmb"
"839","11/19/2017",2,"cmb"
"840","11/26/2017",3,"cmb"
"841","12/3/2017",2,"cmb"
"842","12/10/2017",2,"cmb"
"843","12/17/2017",2,"cmb"
"844","12/24/2017",4,"cmb"
"845","12/31/2017",3,"cmb"
"846","1/7/2018",2,"cmb"
"847","1/14/2018",2,"cmb"
"848","1/21/2018",3,"cmb"
"849","1/28/2018",2,"cmb"
"850","2/4/2018",2,"cmb"
"851","2/11/2018",4,"cmb"
"852","2/18/2018",2,"cmb"
"853","2/25/2018",3,"cmb"
"854","3/4/2018",2,"cmb"
"855","3/11/2018",2,"cmb"
"856","3/18/2018",2,"cmb"
"857","3/25/2018",2,"cmb"
"858","4/1/2018",2,"cmb"
"859","4/8/2018",1,"cmb"
"860","4/15/2018",3,"cmb"
"861","4/22/2018",2,"cmb"
"862","4/29/2018",2,"cmb"
"863","5/6/2018",2,"cmb"
"864","5/13/2018",2,"cmb"
"865","5/20/2018",2,"cmb"
"866","5/27/2018",3,"cmb"
"867","6/3/2018",1,"cmb"
"868","6/10/2018",3,"cmb"
"869","6/17/2018",2,"cmb"
"870","6/24/2018",3,"cmb"
"871","7/1/2018",2,"cmb"
"872","7/8/2018",3,"cmb"
"873","7/15/2018",3,"cmb"
"874","7/22/2018",3,"cmb"
"875","7/29/2018",2,"cmb"
"876","8/5/2018",2,"cmb"
"877","8/12/2018",2,"cmb"
"878","8/19/2018",2,"cmb"
"879","8/26/2018",2,"cmb"
"880","9/2/2018",2,"cmb"
"881","9/9/2018",2,"cmb"
"882","9/16/2018",2,"cmb"
"883","9/23/2018",2,"cmb"
"884","9/30/2018",2,"cmb"
"885","10/7/2018",3,"cmb"
"886","10/14/2018",2,"cmb"
"887","10/21/2018",2,"cmb"
"888","10/28/2018",2,"cmb"
"889","11/4/2018",1,"cmb"
"890","11/11/2018",1,"cmb"
"891","11/18/2018",5,"cmb"
"892","11/25/2018",2,"cmb"
"893","12/2/2018",1,"cmb"
"894","12/9/2018",2,"cmb"
"895","12/16/2018",3,"cmb"
"896","12/23/2018",2,"cmb"
"897","12/30/2018",3,"cmb"
"898","1/6/2019",3,"cmb"
"899","1/13/2019",1,"cmb"
"900","1/20/2019",2,"cmb"
"901","1/27/2019",2,"cmb"
"902","2/3/2019",1,"cmb"
"903","2/10/2019",3,"cmb"
"904","2/17/2019",2,"cmb"
"905","2/24/2019",2,"cmb"
"906","3/3/2019",2,"cmb"
"907","3/10/2019",1,"cmb"
"908","3/17/2019",1,"cmb"
"909","3/24/2019",2,"cmb"
"910","3/31/2019",1,"cmb"
"911","4/7/2019",1,"cmb"
"912","4/14/2019",2,"cmb"
"913","4/21/2019",2,"cmb"
"914","4/28/2019",3,"cmb"
"915","5/5/2019",2,"cmb"
"916","5/12/2019",1,"cmb"
"917","5/19/2019",1,"cmb"
"918","5/26/2019",2,"cmb"
"919","6/2/2019",1,"cmb"
"920","6/9/2019",2,"cmb"
"921","6/16/2019",1,"cmb"
"922","6/23/2019",3,"cmb"
"923","6/30/2019",2,"cmb"
"924","7/7/2019",1,"cmb"
"925","7/14/2019",1,"cmb"
"926","7/21/2019",1,"cmb"
"927","7/28/2019",1,"cmb"
"928","8/4/2019",2,"cmb"
"929","8/11/2019",2,"cmb"
"930","8/18/2019",1,"cmb"
"931","8/25/2019",2,"cmb"
"932","9/1/2019",1,"cmb"
"933","9/8/2019",1,"cmb"
"934","9/15/2019",1,"cmb"
"935","9/22/2019",1,"cmb"
"936","9/29/2019",2,"cmb"
"937","10/6/2019",2,"cmb"
"938","10/13/2019",2,"cmb"
"939","10/20/2019",1,"cmb"
"940","10/27/2019",1,"cmb"
"941","11/3/2019",1,"cmb"
"942","11/10/2019",1,"cmb"
"943","11/17/2019",1,"cmb"
"944","11/24/2019",1,"cmb"
"945","12/1/2019",1,"cmb"
"946","12/8/2019",1,"cmb"
"947","12/15/2019",1,"cmb"
"948","12/22/2019",1,"cmb"
"949","12/29/2019",1,"cmb"
"950","1/5/2020",2,"cmb"
"951","1/12/2020",2,"cmb"
"952","1/19/2020",1,"cmb"
"953","1/26/2020",1,"cmb"
"954","2/2/2020",1,"cmb"
"955","2/9/2020",1,"cmb"
"956","2/16/2020",1,"cmb"
"957","2/23/2020",2,"cmb"
"958","3/1/2020",1,"cmb"
"959","3/8/2020",1,"cmb"
"960","3/15/2020",1,"cmb"
"961","3/22/2020",1,"cmb"
"962","3/29/2020",2,"cmb"
"963","4/5/2020",1,"cmb"
"964","4/12/2020",1,"cmb"
"965","4/19/2020",1,"cmb"
"966","4/26/2020",1,"cmb"
"967","5/3/2020",1,"cmb"
"968","5/10/2020",1,"cmb"
"969","5/17/2020",1,"cmb"
"970","5/24/2020",1,"cmb"
"971","5/31/2020",1,"cmb"
"972","6/7/2020",1,"cmb"
"973","6/14/2020",1,"cmb"
"974","6/21/2020",1,"cmb"
"975","6/28/2020",1,"cmb"
"976","7/5/2020",3,"cmb"
"977","7/12/2020",1,"cmb"
"978","7/19/2020",1,"cmb"
"979","7/26/2020",1,"cmb"
"980","8/2/2020",1,"cmb"
"981","8/9/2020",1,"cmb"
"982","8/16/2020",1,"cmb"
"983","8/23/2020",1,"cmb"
"984","8/30/2020",1,"cmb"
"985","9/6/2020",1,"cmb"
"986","9/13/2020",1,"cmb"
"987","9/20/2020",1,"cmb"
"988","9/27/2020",2,"cmb"
"989","10/4/2020",1,"cmb"
"990","10/11/2020",1,"cmb"
"991","10/18/2020",1,"cmb"
"992","10/25/2020",1,"cmb"
"993","11/1/2020",1,"cmb"
"994","11/8/2020",1,"cmb"
"995","11/15/2020",1,"cmb"
"996","11/22/2020",0.5,"cmb"
"997","11/29/2020",2,"cmb"
"998","12/6/2020",1,"cmb"
"999","12/13/2020",1,"cmb"
"1000","12/20/2020",1,"cmb"
"1001","12/27/2020",1,"cmb"
"1002","1/3/2021",1,"cmb"
"1003","1/10/2021",0.5,"cmb"
"1004","1/17/2021",1,"cmb"
"1005","1/24/2021",1,"cmb"
"1006","1/31/2021",1,"cmb"
"1007","2/7/2021",1,"cmb"
"1008","2/14/2021",1,"cmb"
"1009","2/21/2021",1,"cmb"
"1010","2/28/2021",1,"cmb"
"1011","3/7/2021",0.5,"cmb"
"1012","3/14/2021",1,"cmb"
"1013","3/21/2021",0.5,"cmb"
"1014","3/28/2021",1,"cmb"
"1015","4/4/2021",1,"cmb"
"1016","4/11/2021",1,"cmb"
"1017","4/18/2021",1,"cmb"
"1018","4/25/2021",1,"cmb"
"1019","5/2/2021",2,"cmb"
"1020","5/9/2021",0.5,"cmb"
"1021","5/16/2021",1,"cmb"
"1022","5/23/2021",1,"cmb"
"1023","5/30/2021",1,"cmb"
"1024","6/6/2021",1,"cmb"
"1025","6/13/2021",1,"cmb"
"1026","6/20/2021",1,"cmb"
"1027","6/27/2021",2,"cmb"
"1028","7/4/2021",1,"cmb"
"1029","7/11/2021",2,"cmb"
"1030","7/18/2021",1,"cmb"
"1031","7/25/2021",1,"cmb"
"1032","8/1/2021",1,"cmb"
"1033","8/8/2021",1,"cmb"
"1034","8/15/2021",1,"cmb"
"1035","8/22/2021",2,"cmb"
"1036","8/29/2021",1,"cmb"
"1037","9/5/2021",0.5,"cmb"
"1038","9/12/2021",1,"cmb"
"1039","9/19/2021",1,"cmb"
"1040","9/26/2021",1,"cmb"
"1041","10/9/2016",19,"hinge"
"1042","10/16/2016",17,"hinge"
"1043","10/23/2016",17,"hinge"
"1044","10/30/2016",17,"hinge"
"1045","11/6/2016",14,"hinge"
"1046","11/13/2016",18,"hinge"
"1047","11/20/2016",16,"hinge"
"1048","11/27/2016",16,"hinge"
"1049","12/4/2016",14,"hinge"
"1050","12/11/2016",15,"hinge"
"1051","12/18/2016",14,"hinge"
"1052","12/25/2016",15,"hinge"
"1053","1/1/2017",17,"hinge"
"1054","1/8/2017",17,"hinge"
"1055","1/15/2017",15,"hinge"
"1056","1/22/2017",16,"hinge"
"1057","1/29/2017",17,"hinge"
"1058","2/5/2017",16,"hinge"
"1059","2/12/2017",19,"hinge"
"1060","2/19/2017",18,"hinge"
"1061","2/26/2017",17,"hinge"
"1062","3/5/2017",17,"hinge"
"1063","3/12/2017",14,"hinge"
"1064","3/19/2017",18,"hinge"
"1065","3/26/2017",15,"hinge"
"1066","4/2/2017",18,"hinge"
"1067","4/9/2017",15,"hinge"
"1068","4/16/2017",16,"hinge"
"1069","4/23/2017",16,"hinge"
"1070","4/30/2017",15,"hinge"
"1071","5/7/2017",15,"hinge"
"1072","5/14/2017",13,"hinge"
"1073","5/21/2017",17,"hinge"
"1074","5/28/2017",16,"hinge"
"1075","6/4/2017",16,"hinge"
"1076","6/11/2017",16,"hinge"
"1077","6/18/2017",15,"hinge"
"1078","6/25/2017",16,"hinge"
"1079","7/2/2017",17,"hinge"
"1080","7/9/2017",17,"hinge"
"1081","7/16/2017",17,"hinge"
"1082","7/23/2017",14,"hinge"
"1083","7/30/2017",20,"hinge"
"1084","8/6/2017",17,"hinge"
"1085","8/13/2017",18,"hinge"
"1086","8/20/2017",17,"hinge"
"1087","8/27/2017",15,"hinge"
"1088","9/3/2017",16,"hinge"
"1089","9/10/2017",16,"hinge"
"1090","9/17/2017",17,"hinge"
"1091","9/24/2017",16,"hinge"
"1092","10/1/2017",15,"hinge"
"1093","10/8/2017",16,"hinge"
"1094","10/15/2017",16,"hinge"
"1095","10/22/2017",18,"hinge"
"1096","10/29/2017",17,"hinge"
"1097","11/5/2017",19,"hinge"
"1098","11/12/2017",19,"hinge"
"1099","11/19/2017",16,"hinge"
"1100","11/26/2017",16,"hinge"
"1101","12/3/2017",17,"hinge"
"1102","12/10/2017",18,"hinge"
"1103","12/17/2017",18,"hinge"
"1104","12/24/2017",15,"hinge"
"1105","12/31/2017",17,"hinge"
"1106","1/7/2018",17,"hinge"
"1107","1/14/2018",19,"hinge"
"1108","1/21/2018",16,"hinge"
"1109","1/28/2018",19,"hinge"
"1110","2/4/2018",18,"hinge"
"1111","2/11/2018",17,"hinge"
"1112","2/18/2018",22,"hinge"
"1113","2/25/2018",22,"hinge"
"1114","3/4/2018",19,"hinge"
"1115","3/11/2018",19,"hinge"
"1116","3/18/2018",18,"hinge"
"1117","3/25/2018",18,"hinge"
"1118","4/1/2018",20,"hinge"
"1119","4/8/2018",20,"hinge"
"1120","4/15/2018",24,"hinge"
"1121","4/22/2018",19,"hinge"
"1122","4/29/2018",18,"hinge"
"1123","5/6/2018",18,"hinge"
"1124","5/13/2018",18,"hinge"
"1125","5/20/2018",17,"hinge"
"1126","5/27/2018",21,"hinge"
"1127","6/3/2018",21,"hinge"
"1128","6/10/2018",19,"hinge"
"1129","6/17/2018",20,"hinge"
"1130","6/24/2018",20,"hinge"
"1131","7/1/2018",21,"hinge"
"1132","7/8/2018",21,"hinge"
"1133","7/15/2018",22,"hinge"
"1134","7/22/2018",21,"hinge"
"1135","7/29/2018",21,"hinge"
"1136","8/5/2018",22,"hinge"
"1137","8/12/2018",22,"hinge"
"1138","8/19/2018",21,"hinge"
"1139","8/26/2018",20,"hinge"
"1140","9/2/2018",21,"hinge"
"1141","9/9/2018",21,"hinge"
"1142","9/16/2018",22,"hinge"
"1143","9/23/2018",22,"hinge"
"1144","9/30/2018",21,"hinge"
"1145","10/7/2018",21,"hinge"
"1146","10/14/2018",19,"hinge"
"1147","10/21/2018",21,"hinge"
"1148","10/28/2018",23,"hinge"
"1149","11/4/2018",22,"hinge"
"1150","11/11/2018",21,"hinge"
"1151","11/18/2018",19,"hinge"
"1152","11/25/2018",21,"hinge"
"1153","12/2/2018",20,"hinge"
"1154","12/9/2018",22,"hinge"
"1155","12/16/2018",21,"hinge"
"1156","12/23/2018",21,"hinge"
"1157","12/30/2018",22,"hinge"
"1158","1/6/2019",24,"hinge"
"1159","1/13/2019",24,"hinge"
"1160","1/20/2019",24,"hinge"
"1161","1/27/2019",21,"hinge"
"1162","2/3/2019",23,"hinge"
"1163","2/10/2019",22,"hinge"
"1164","2/17/2019",23,"hinge"
"1165","2/24/2019",23,"hinge"
"1166","3/3/2019",23,"hinge"
"1167","3/10/2019",21,"hinge"
"1168","3/17/2019",24,"hinge"
"1169","3/24/2019",25,"hinge"
"1170","3/31/2019",23,"hinge"
"1171","4/7/2019",23,"hinge"
"1172","4/14/2019",24,"hinge"
"1173","4/21/2019",25,"hinge"
"1174","4/28/2019",23,"hinge"
"1175","5/5/2019",24,"hinge"
"1176","5/12/2019",26,"hinge"
"1177","5/19/2019",23,"hinge"
"1178","5/26/2019",27,"hinge"
"1179","6/2/2019",23,"hinge"
"1180","6/9/2019",26,"hinge"
"1181","6/16/2019",25,"hinge"
"1182","6/23/2019",23,"hinge"
"1183","6/30/2019",25,"hinge"
"1184","7/7/2019",24,"hinge"
"1185","7/14/2019",23,"hinge"
"1186","7/21/2019",22,"hinge"
"1187","7/28/2019",23,"hinge"
"1188","8/4/2019",24,"hinge"
"1189","8/11/2019",27,"hinge"
"1190","8/18/2019",26,"hinge"
"1191","8/25/2019",25,"hinge"
"1192","9/1/2019",23,"hinge"
"1193","9/8/2019",25,"hinge"
"1194","9/15/2019",23,"hinge"
"1195","9/22/2019",24,"hinge"
"1196","9/29/2019",24,"hinge"
"1197","10/6/2019",26,"hinge"
"1198","10/13/2019",25,"hinge"
"1199","10/20/2019",26,"hinge"
"1200","10/27/2019",23,"hinge"
"1201","11/3/2019",24,"hinge"
"1202","11/10/2019",25,"hinge"
"1203","11/17/2019",24,"hinge"
"1204","11/24/2019",24,"hinge"
"1205","12/1/2019",24,"hinge"
"1206","12/8/2019",23,"hinge"
"1207","12/15/2019",20,"hinge"
"1208","12/22/2019",21,"hinge"
"1209","12/29/2019",27,"hinge"
"1210","1/5/2020",27,"hinge"
"1211","1/12/2020",26,"hinge"
"1212","1/19/2020",28,"hinge"
"1213","1/26/2020",24,"hinge"
"1214","2/2/2020",26,"hinge"
"1215","2/9/2020",24,"hinge"
"1216","2/16/2020",27,"hinge"
"1217","2/23/2020",26,"hinge"
"1218","3/1/2020",28,"hinge"
"1219","3/8/2020",24,"hinge"
"1220","3/15/2020",23,"hinge"
"1221","3/22/2020",24,"hinge"
"1222","3/29/2020",25,"hinge"
"1223","4/5/2020",29,"hinge"
"1224","4/12/2020",28,"hinge"
"1225","4/19/2020",27,"hinge"
"1226","4/26/2020",27,"hinge"
"1227","5/3/2020",28,"hinge"
"1228","5/10/2020",28,"hinge"
"1229","5/17/2020",30,"hinge"
"1230","5/24/2020",29,"hinge"
"1231","5/31/2020",27,"hinge"
"1232","6/7/2020",28,"hinge"
"1233","6/14/2020",28,"hinge"
"1234","6/21/2020",28,"hinge"
"1235","6/28/2020",30,"hinge"
"1236","7/5/2020",29,"hinge"
"1237","7/12/2020",28,"hinge"
"1238","7/19/2020",31,"hinge"
"1239","7/26/2020",32,"hinge"
"1240","8/2/2020",26,"hinge"
"1241","8/9/2020",28,"hinge"
"1242","8/16/2020",33,"hinge"
"1243","8/23/2020",35,"hinge"
"1244","8/30/2020",28,"hinge"
"1245","9/6/2020",27,"hinge"
"1246","9/13/2020",26,"hinge"
"1247","9/20/2020",28,"hinge"
"1248","9/27/2020",26,"hinge"
"1249","10/4/2020",28,"hinge"
"1250","10/11/2020",30,"hinge"
"1251","10/18/2020",30,"hinge"
"1252","10/25/2020",27,"hinge"
"1253","11/1/2020",22,"hinge"
"1254","11/8/2020",28,"hinge"
"1255","11/15/2020",29,"hinge"
"1256","11/22/2020",28,"hinge"
"1257","11/29/2020",28,"hinge"
"1258","12/6/2020",27,"hinge"
"1259","12/13/2020",27,"hinge"
"1260","12/20/2020",24,"hinge"
"1261","12/27/2020",28,"hinge"
"1262","1/3/2021",27,"hinge"
"1263","1/10/2021",27,"hinge"
"1264","1/17/2021",31,"hinge"
"1265","1/24/2021",27,"hinge"
"1266","1/31/2021",28,"hinge"
"1267","2/7/2021",32,"hinge"
"1268","2/14/2021",28,"hinge"
"1269","2/21/2021",27,"hinge"
"1270","2/28/2021",28,"hinge"
"1271","3/7/2021",27,"hinge"
"1272","3/14/2021",26,"hinge"
"1273","3/21/2021",31,"hinge"
"1274","3/28/2021",30,"hinge"
"1275","4/4/2021",26,"hinge"
"1276","4/11/2021",28,"hinge"
"1277","4/18/2021",28,"hinge"
"1278","4/25/2021",26,"hinge"
"1279","5/2/2021",26,"hinge"
"1280","5/9/2021",28,"hinge"
"1281","5/16/2021",28,"hinge"
"1282","5/23/2021",30,"hinge"
"1283","5/30/2021",27,"hinge"
"1284","6/6/2021",28,"hinge"
"1285","6/13/2021",28,"hinge"
"1286","6/20/2021",28,"hinge"
"1287","6/27/2021",29,"hinge"
"1288","7/4/2021",30,"hinge"
"1289","7/11/2021",30,"hinge"
"1290","7/18/2021",31,"hinge"
"1291","7/25/2021",31,"hinge"
"1292","8/1/2021",28,"hinge"
"1293","8/8/2021",30,"hinge"
"1294","8/15/2021",28,"hinge"
"1295","8/22/2021",28,"hinge"
"1296","8/29/2021",25,"hinge"
"1297","9/5/2021",28,"hinge"
"1298","9/12/2021",28,"hinge"
"1299","9/19/2021",29,"hinge"
"1300","9/26/2021",29,"hinge"
